epoca,error,norma_W1,norma_W2
1.000000,49.142186,0.237017,0.190404
2.000000,48.737913,0.247807,0.238501
3.000000,48.531526,0.263405,0.287348
4.000000,48.309720,0.281519,0.333699
5.000000,48.019279,0.300380,0.378826
6.000000,47.677199,0.317848,0.423699
7.000000,47.311010,0.332625,0.468674
8.000000,46.931835,0.344599,0.513943
9.000000,46.540715,0.354283,0.559689
10.000000,46.136823,0.362327,0.606067
11.000000,45.720031,0.369284,0.653182
12.000000,45.290908,0.375542,0.701078
13.000000,44.850152,0.381344,0.749761
14.000000,44.398140,0.386825,0.799212
15.000000,43.934773,0.392065,0.849404
16.000000,43.459564,0.397114,0.900311
17.000000,42.971808,0.402012,0.951911
18.000000,42.470734,0.406792,1.004186
19.000000,41.955599,0.411482,1.057120
20.000000,41.425738,0.416106,1.110700
21.000000,40.880601,0.420681,1.164910
22.000000,40.319769,0.425222,1.219735
23.000000,39.742978,0.429739,1.275156
24.000000,39.150134,0.434237,1.331152
25.000000,38.541324,0.438719,1.387698
26.000000,37.916826,0.443189,1.444763
27.000000,37.277108,0.447644,1.502315
28.000000,36.622822,0.452083,1.560316
29.000000,35.954790,0.456505,1.618721
30.000000,35.273991,0.460905,1.677487
31.000000,34.581537,0.465278,1.736562
32.000000,33.878657,0.469621,1.795896
33.000000,33.166671,0.473928,1.855435
34.000000,32.446979,0.478193,1.915124
35.000000,31.721038,0.482410,1.974908
36.000000,30.990357,0.486572,2.034732
37.000000,30.256480,0.490671,2.094541
38.000000,29.520979,0.494701,2.154283
39.000000,28.785441,0.498655,2.213904
40.000000,28.051458,0.502524,2.273354
41.000000,27.320615,0.506302,2.332586
42.000000,26.594469,0.509982,2.391552
43.000000,25.874541,0.513557,2.450208
44.000000,25.162294,0.517021,2.508511
45.000000,24.459116,0.520368,2.566422
46.000000,23.766307,0.523594,2.623902
47.000000,23.085064,0.526694,2.680917
48.000000,22.416471,0.529665,2.737434
49.000000,21.761488,0.532503,2.793421
50.000000,21.120950,0.535208,2.848852
51.000000,20.495559,0.537779,2.903700
52.000000,19.885891,0.540214,2.957944
53.000000,19.292392,0.542515,3.011562
54.000000,18.715387,0.544683,3.064537
55.000000,18.155088,0.546719,3.116853
56.000000,17.611600,0.548627,3.168498
57.000000,17.084930,0.550410,3.219459
58.000000,16.575001,0.552071,3.269729
59.000000,16.081661,0.553614,3.319301
60.000000,15.604691,0.555045,3.368169
61.000000,15.143820,0.556369,3.416331
62.000000,14.698731,0.557591,3.463785
63.000000,14.269072,0.558717,3.510532
64.000000,13.854463,0.559754,3.556572
65.000000,13.454503,0.560709,3.601909
66.000000,13.068776,0.561587,3.646546
67.000000,12.696856,0.562396,3.690488
68.000000,12.338312,0.563143,3.733741
69.000000,11.992711,0.563833,3.776311
70.000000,11.659620,0.564473,3.818207
71.000000,11.338610,0.565070,3.859435
72.000000,11.029257,0.565628,3.900004
73.000000,10.731143,0.566154,3.939923
74.000000,10.443856,0.566652,3.979201
75.000000,10.166995,0.567126,4.017848
76.000000,9.900164,0.567581,4.055873
77.000000,9.642980,0.568020,4.093287
78.000000,9.395068,0.568446,4.130099
79.000000,9.156064,0.568863,4.166320
80.000000,8.925612,0.569271,4.201960
81.000000,8.703371,0.569673,4.237030
82.000000,8.489007,0.570072,4.271539
83.000000,8.282199,0.570467,4.305499
84.000000,8.082638,0.570861,4.338918
85.000000,7.890024,0.571253,4.371809
86.000000,7.704070,0.571645,4.404180
87.000000,7.524499,0.572037,4.436042
88.000000,7.351047,0.572429,4.467404
89.000000,7.183459,0.572822,4.498277
90.000000,7.021492,0.573216,4.528670
91.000000,6.864912,0.573610,4.558593
92.000000,6.713498,0.574005,4.588055
93.000000,6.567035,0.574400,4.617066
94.000000,6.425321,0.574796,4.645634
95.000000,6.288162,0.575192,4.673769
96.000000,6.155373,0.575588,4.701479
97.000000,6.026777,0.575985,4.728773
98.000000,5.902205,0.576381,4.755660
99.000000,5.781497,0.576777,4.782148
100.000000,5.664501,0.577173,4.808245
101.000000,5.551068,0.577568,4.833959
102.000000,5.441061,0.577962,4.859297
103.000000,5.334347,0.578355,4.884269
104.000000,5.230798,0.578748,4.908881
105.000000,5.130294,0.579139,4.933140
106.000000,5.032719,0.579530,4.957054
107.000000,4.937963,0.579919,4.980630
108.000000,4.845921,0.580307,5.003875
109.000000,4.756493,0.580693,5.026795
110.000000,4.669581,0.581078,5.049398
111.000000,4.585095,0.581461,5.071688
112.000000,4.502947,0.581843,5.093674
113.000000,4.423052,0.582223,5.115361
114.000000,4.345332,0.582602,5.136755
115.000000,4.269708,0.582979,5.157861
116.000000,4.196107,0.583354,5.178687
117.000000,4.124460,0.583728,5.199236
118.000000,4.054698,0.584099,5.219515
119.000000,3.986757,0.584470,5.239530
120.000000,3.920575,0.584838,5.259285
121.000000,3.856093,0.585204,5.278785
122.000000,3.793255,0.585569,5.298035
123.000000,3.732004,0.585932,5.317041
124.000000,3.672290,0.586294,5.335807
125.000000,3.614061,0.586653,5.354338
126.000000,3.557271,0.587011,5.372638
127.000000,3.501871,0.587367,5.390711
128.000000,3.447818,0.587722,5.408563
129.000000,3.395069,0.588074,5.426196
130.000000,3.343583,0.588425,5.443616
131.000000,3.293320,0.588775,5.460826
132.000000,3.244243,0.589122,5.477831
133.000000,3.196314,0.589469,5.494634
134.000000,3.149498,0.589813,5.511238
135.000000,3.103763,0.590156,5.527648
136.000000,3.059074,0.590497,5.543868
137.000000,3.015401,0.590836,5.559899
138.000000,2.972713,0.591174,5.575747
139.000000,2.930981,0.591511,5.591415
140.000000,2.890177,0.591846,5.606904
141.000000,2.850274,0.592179,5.622220
142.000000,2.811246,0.592511,5.637365
143.000000,2.773067,0.592842,5.652341
144.000000,2.735714,0.593171,5.667153
145.000000,2.699163,0.593498,5.681803
146.000000,2.663390,0.593824,5.696293
147.000000,2.628375,0.594149,5.710627
148.000000,2.594096,0.594472,5.724807
149.000000,2.560533,0.594794,5.738835
150.000000,2.527666,0.595114,5.752716
151.000000,2.495476,0.595434,5.766450
152.000000,2.463945,0.595751,5.780041
153.000000,2.433054,0.596068,5.793491
154.000000,2.402787,0.596383,5.806802
155.000000,2.373127,0.596697,5.819977
156.000000,2.344058,0.597010,5.833017
157.000000,2.315564,0.597321,5.845926
158.000000,2.287631,0.597631,5.858705
159.000000,2.260243,0.597940,5.871357
160.000000,2.233386,0.598247,5.883883
161.000000,2.207048,0.598554,5.896286
162.000000,2.181214,0.598859,5.908567
163.000000,2.155872,0.599163,5.920729
164.000000,2.131010,0.599466,5.932774
165.000000,2.106614,0.599768,5.944702
166.000000,2.082675,0.600068,5.956517
167.000000,2.059180,0.600367,5.968220
168.000000,2.036118,0.600666,5.979813
169.000000,2.013479,0.600963,5.991297
170.000000,1.991252,0.601259,6.002674
171.000000,1.969428,0.601554,6.013946
172.000000,1.947996,0.601848,6.025115
173.000000,1.926948,0.602140,6.036181
174.000000,1.906274,0.602432,6.047147
175.000000,1.885965,0.602722,6.058014
176.000000,1.866013,0.603012,6.068784
177.000000,1.846410,0.603300,6.079458
178.000000,1.827146,0.603588,6.090037
179.000000,1.808214,0.603874,6.100523
180.000000,1.789608,0.604160,6.110918
181.000000,1.771318,0.604444,6.121222
182.000000,1.753338,0.604727,6.131437
183.000000,1.735661,0.605010,6.141564
184.000000,1.718280,0.605291,6.151605
185.000000,1.701189,0.605572,6.161561
186.000000,1.684380,0.605851,6.171432
187.000000,1.667848,0.606129,6.181221
188.000000,1.651587,0.606407,6.190928
189.000000,1.635590,0.606683,6.200555
190.000000,1.619852,0.606959,6.210102
191.000000,1.604367,0.607233,6.219571
192.000000,1.589130,0.607507,6.228963
193.000000,1.574135,0.607780,6.238279
194.000000,1.559377,0.608052,6.247520
195.000000,1.544851,0.608322,6.256688
196.000000,1.530552,0.608592,6.265782
197.000000,1.516476,0.608861,6.274804
198.000000,1.502617,0.609130,6.283755
199.000000,1.488972,0.609397,6.292636
200.000000,1.475535,0.609663,6.301448
201.000000,1.462302,0.609928,6.310192
202.000000,1.449270,0.610193,6.318869
203.000000,1.436434,0.610457,6.327479
204.000000,1.423790,0.610719,6.336024
205.000000,1.411334,0.610981,6.344504
206.000000,1.399062,0.611242,6.352921
207.000000,1.386971,0.611502,6.361274
208.000000,1.375057,0.611762,6.369566
209.000000,1.363317,0.612020,6.377796
210.000000,1.351747,0.612278,6.385965
211.000000,1.340343,0.612534,6.394075
212.000000,1.329104,0.612790,6.402126
213.000000,1.318024,0.613045,6.410118
214.000000,1.307102,0.613299,6.418053
215.000000,1.296333,0.613553,6.425931
216.000000,1.285716,0.613805,6.433753
217.000000,1.275248,0.614057,6.441520
218.000000,1.264925,0.614308,6.449232
219.000000,1.254744,0.614558,6.456889
220.000000,1.244704,0.614807,6.464494
221.000000,1.234800,0.615056,6.472046
222.000000,1.225032,0.615303,6.479545
223.000000,1.215396,0.615550,6.486993
224.000000,1.205890,0.615796,6.494391
225.000000,1.196512,0.616042,6.501738
226.000000,1.187258,0.616286,6.509035
227.000000,1.178128,0.616530,6.516284
228.000000,1.169118,0.616773,6.523484
229.000000,1.160226,0.617015,6.530636
230.000000,1.151451,0.617256,6.537740
231.000000,1.142790,0.617497,6.544798
232.000000,1.134242,0.617736,6.551810
233.000000,1.125803,0.617975,6.558776
234.000000,1.117473,0.618214,6.565697
235.000000,1.109249,0.618451,6.572573
236.000000,1.101129,0.618688,6.579405
237.000000,1.093112,0.618924,6.586193
238.000000,1.085196,0.619159,6.592938
239.000000,1.077379,0.619394,6.599641
240.000000,1.069660,0.619627,6.606301
241.000000,1.062036,0.619860,6.612919
242.000000,1.054506,0.620093,6.619497
243.000000,1.047069,0.620324,6.626033
244.000000,1.039723,0.620555,6.632529
245.000000,1.032466,0.620785,6.638985
246.000000,1.025297,0.621015,6.645402
247.000000,1.018214,0.621243,6.651780
248.000000,1.011217,0.621471,6.658119
249.000000,1.004303,0.621698,6.664419
250.000000,0.997471,0.621925,6.670682
251.000000,0.990720,0.622151,6.676908
252.000000,0.984049,0.622376,6.683097
253.000000,0.977456,0.622600,6.689249
254.000000,0.970940,0.622824,6.695365
255.000000,0.964499,0.623047,6.701444
256.000000,0.958133,0.623269,6.707489
257.000000,0.951841,0.623491,6.713498
258.000000,0.945620,0.623712,6.719473
259.000000,0.939471,0.623932,6.725413
260.000000,0.933391,0.624152,6.731320
261.000000,0.927381,0.624371,6.737192
262.000000,0.921438,0.624589,6.743031
263.000000,0.915561,0.624806,6.748838
264.000000,0.909750,0.625023,6.754611
265.000000,0.904004,0.625239,6.760353
266.000000,0.898321,0.625455,6.766062
267.000000,0.892701,0.625670,6.771740
268.000000,0.887143,0.625884,6.777386
269.000000,0.881645,0.626098,6.783001
270.000000,0.876208,0.626311,6.788586
271.000000,0.870829,0.626523,6.794140
272.000000,0.865508,0.626735,6.799664
273.000000,0.860244,0.626946,6.805158
274.000000,0.855036,0.627156,6.810623
275.000000,0.849884,0.627366,6.816058
276.000000,0.844787,0.627575,6.821464
277.000000,0.839743,0.627783,6.826842
278.000000,0.834752,0.627991,6.832191
279.000000,0.829814,0.628198,6.837512
280.000000,0.824927,0.628405,6.842805
281.000000,0.820091,0.628611,6.848070
282.000000,0.815304,0.628816,6.853309
283.000000,0.810567,0.629021,6.858520
284.000000,0.805879,0.629225,6.863704
285.000000,0.801239,0.629429,6.868861
286.000000,0.796645,0.629632,6.873992
287.000000,0.792099,0.629834,6.879097
288.000000,0.787598,0.630036,6.884177
289.000000,0.783142,0.630237,6.889230
290.000000,0.778731,0.630437,6.894258
291.000000,0.774364,0.630637,6.899261
292.000000,0.770040,0.630837,6.904239
293.000000,0.765759,0.631035,6.909193
294.000000,0.761520,0.631234,6.914122
295.000000,0.757323,0.631431,6.919026
296.000000,0.753166,0.631628,6.923907
297.000000,0.749050,0.631825,6.928763
298.000000,0.744974,0.632020,6.933596
299.000000,0.740938,0.632216,6.938406
300.000000,0.736940,0.632410,6.943192
301.000000,0.732980,0.632605,6.947956
302.000000,0.729058,0.632798,6.952696
303.000000,0.725174,0.632991,6.957414
304.000000,0.721326,0.633184,6.962110
305.000000,0.717515,0.633376,6.966783
306.000000,0.713739,0.633567,6.971435
307.000000,0.709999,0.633758,6.976064
308.000000,0.706293,0.633948,6.980672
309.000000,0.702622,0.634138,6.985258
310.000000,0.698985,0.634327,6.989824
311.000000,0.695382,0.634516,6.994368
312.000000,0.691811,0.634704,6.998891
313.000000,0.688274,0.634891,7.003393
314.000000,0.684768,0.635078,7.007875
315.000000,0.681294,0.635265,7.012336
316.000000,0.677852,0.635451,7.016777
317.000000,0.674441,0.635636,7.021198
318.000000,0.671060,0.635821,7.025599
319.000000,0.667710,0.636005,7.029981
320.000000,0.664389,0.636189,7.034343
321.000000,0.661098,0.636373,7.038685
322.000000,0.657836,0.636556,7.043008
323.000000,0.654603,0.636738,7.047312
324.000000,0.651398,0.636920,7.051597
325.000000,0.648222,0.637101,7.055864
326.000000,0.645073,0.637282,7.060111
327.000000,0.641951,0.637462,7.064341
328.000000,0.638856,0.637642,7.068552
329.000000,0.635789,0.637821,7.072744
330.000000,0.632747,0.638000,7.076919
331.000000,0.629732,0.638178,7.081076
332.000000,0.626742,0.638356,7.085215
333.000000,0.623777,0.638534,7.089336
334.000000,0.620838,0.638710,7.093440
335.000000,0.617924,0.638887,7.097526
336.000000,0.615034,0.639063,7.101595
337.000000,0.612168,0.639238,7.105648
338.000000,0.609327,0.639413,7.109683
339.000000,0.606509,0.639587,7.113701
340.000000,0.603714,0.639761,7.117703
341.000000,0.600943,0.639935,7.121688
342.000000,0.598194,0.640108,7.125657
343.000000,0.595468,0.640280,7.129609
344.000000,0.592764,0.640452,7.133545
345.000000,0.590082,0.640624,7.137465
346.000000,0.587422,0.640795,7.141370
347.000000,0.584784,0.640966,7.145258
348.000000,0.582167,0.641136,7.149131
349.000000,0.579571,0.641306,7.152988
350.000000,0.576996,0.641475,7.156829
351.000000,0.574441,0.641644,7.160655
352.000000,0.571907,0.641813,7.164466
353.000000,0.569393,0.641981,7.168262
354.000000,0.566899,0.642148,7.172043
355.000000,0.564424,0.642315,7.175809
356.000000,0.561969,0.642482,7.179560
357.000000,0.559533,0.642648,7.183296
358.000000,0.557116,0.642814,7.187018
359.000000,0.554718,0.642979,7.190725
360.000000,0.552339,0.643144,7.194418
361.000000,0.549978,0.643309,7.198097
362.000000,0.547635,0.643473,7.201761
363.000000,0.545310,0.643636,7.205411
364.000000,0.543003,0.643799,7.209048
365.000000,0.540714,0.643962,7.212670
366.000000,0.538442,0.644124,7.216279
367.000000,0.536187,0.644286,7.219874
368.000000,0.533949,0.644448,7.223455
369.000000,0.531728,0.644609,7.227023
370.000000,0.529524,0.644770,7.230578
371.000000,0.527336,0.644930,7.234119
372.000000,0.525165,0.645090,7.237647
373.000000,0.523010,0.645249,7.241162
374.000000,0.520871,0.645408,7.244664
375.000000,0.518747,0.645567,7.248153
376.000000,0.516640,0.645725,7.251629
377.000000,0.514547,0.645883,7.255092
378.000000,0.512470,0.646040,7.258543
379.000000,0.510409,0.646197,7.261981
380.000000,0.508362,0.646354,7.265406
381.000000,0.506330,0.646510,7.268820
382.000000,0.504313,0.646666,7.272220
383.000000,0.502310,0.646821,7.275609
384.000000,0.500322,0.646976,7.278985
385.000000,0.498348,0.647131,7.282349
386.000000,0.496388,0.647285,7.285702
387.000000,0.494442,0.647439,7.289042
388.000000,0.492510,0.647593,7.292370
389.000000,0.490592,0.647746,7.295687
390.000000,0.488687,0.647898,7.298992
391.000000,0.486795,0.648051,7.302285
392.000000,0.484917,0.648203,7.305567
393.000000,0.483052,0.648354,7.308838
394.000000,0.481200,0.648505,7.312097
395.000000,0.479361,0.648656,7.315344
396.000000,0.477535,0.648807,7.318581
397.000000,0.475721,0.648957,7.321806
398.000000,0.473920,0.649107,7.325020
399.000000,0.472131,0.649256,7.328223
400.000000,0.470354,0.649405,7.331415
401.000000,0.468590,0.649554,7.334596
402.000000,0.466837,0.649702,7.337767
403.000000,0.465097,0.649850,7.340926
404.000000,0.463368,0.649997,7.344075
405.000000,0.461651,0.650145,7.347214
406.000000,0.459945,0.650291,7.350341
407.000000,0.458251,0.650438,7.353459
408.000000,0.456569,0.650584,7.356565
409.000000,0.454897,0.650730,7.359662
410.000000,0.453237,0.650875,7.362748
411.000000,0.451587,0.651020,7.365824
412.000000,0.449949,0.651165,7.368890
413.000000,0.448321,0.651310,7.371946
414.000000,0.446705,0.651454,7.374991
415.000000,0.445098,0.651597,7.378027
416.000000,0.443502,0.651741,7.381053
417.000000,0.441917,0.651884,7.384069
418.000000,0.440342,0.652026,7.387075
419.000000,0.438777,0.652169,7.390071
420.000000,0.437223,0.652311,7.393058
421.000000,0.435678,0.652453,7.396035
422.000000,0.434143,0.652594,7.399003
423.000000,0.432618,0.652735,7.401961
424.000000,0.431103,0.652876,7.404909
425.000000,0.429598,0.653016,7.407848
426.000000,0.428102,0.653156,7.410778
427.000000,0.426616,0.653296,7.413699
428.000000,0.425139,0.653435,7.416610
429.000000,0.423671,0.653574,7.419512
430.000000,0.422213,0.653713,7.422405
431.000000,0.420764,0.653851,7.425289
432.000000,0.419323,0.653989,7.428164
433.000000,0.417892,0.654127,7.431030
434.000000,0.416470,0.654265,7.433888
435.000000,0.415057,0.654402,7.436736
436.000000,0.413652,0.654539,7.439575
437.000000,0.412256,0.654675,7.442406
438.000000,0.410869,0.654811,7.445228
439.000000,0.409490,0.654947,7.448041
440.000000,0.408119,0.655083,7.450846
441.000000,0.406757,0.655218,7.453642
442.000000,0.405404,0.655353,7.456430
443.000000,0.404058,0.655488,7.459209
444.000000,0.402721,0.655622,7.461980
445.000000,0.401392,0.655756,7.464743
446.000000,0.400070,0.655890,7.467497
447.000000,0.398757,0.656024,7.470243
448.000000,0.397452,0.656157,7.472980
449.000000,0.396154,0.656290,7.475710
450.000000,0.394864,0.656422,7.478431
451.000000,0.393582,0.656555,7.481145
452.000000,0.392308,0.656687,7.483850
453.000000,0.391041,0.656818,7.486547
454.000000,0.389781,0.656950,7.489236
455.000000,0.388529,0.657081,7.491918
456.000000,0.387284,0.657212,7.494591
457.000000,0.386047,0.657342,7.497257
458.000000,0.384817,0.657472,7.499915
459.000000,0.383594,0.657602,7.502565
460.000000,0.382378,0.657732,7.505208
461.000000,0.381169,0.657861,7.507843
462.000000,0.379967,0.657991,7.510470
463.000000,0.378772,0.658119,7.513090
464.000000,0.377584,0.658248,7.515702
465.000000,0.376403,0.658376,7.518307
466.000000,0.375228,0.658504,7.520904
467.000000,0.374061,0.658632,7.523494
468.000000,0.372900,0.658759,7.526077
469.000000,0.371745,0.658886,7.528652
470.000000,0.370597,0.659013,7.531220
471.000000,0.369456,0.659140,7.533780
472.000000,0.368321,0.659266,7.536334
473.000000,0.367192,0.659392,7.538880
474.000000,0.366070,0.659518,7.541419
475.000000,0.364954,0.659644,7.543951
476.000000,0.363844,0.659769,7.546476
477.000000,0.362741,0.659894,7.548994
478.000000,0.361644,0.660019,7.551505
479.000000,0.360552,0.660143,7.554009
480.000000,0.359467,0.660267,7.556506
481.000000,0.358388,0.660391,7.558997
482.000000,0.357314,0.660515,7.561480
483.000000,0.356247,0.660639,7.563957
484.000000,0.355185,0.660762,7.566427
485.000000,0.354130,0.660885,7.568890
486.000000,0.353080,0.661007,7.571346
487.000000,0.352035,0.661130,7.573796
488.000000,0.350997,0.661252,7.576239
489.000000,0.349964,0.661374,7.578676
490.000000,0.348936,0.661495,7.581105
491.000000,0.347915,0.661617,7.583529
492.000000,0.346898,0.661738,7.585946
493.000000,0.345887,0.661859,7.588356
494.000000,0.344882,0.661979,7.590760
495.000000,0.343882,0.662100,7.593158
496.000000,0.342887,0.662220,7.595549
497.000000,0.341897,0.662340,7.597934
498.000000,0.340913,0.662459,7.600313
499.000000,0.339934,0.662579,7.602685
500.000000,0.338960,0.662698,7.605051
501.000000,0.337992,0.662817,7.607411
502.000000,0.337028,0.662935,7.609765
503.000000,0.336069,0.663054,7.612112
504.000000,0.335116,0.663172,7.614454
505.000000,0.334167,0.663290,7.616789
506.000000,0.333223,0.663408,7.619119
507.000000,0.332285,0.663525,7.621442
508.000000,0.331351,0.663642,7.623759
509.000000,0.330422,0.663759,7.626070
510.000000,0.329497,0.663876,7.628376
511.000000,0.328578,0.663992,7.630675
512.000000,0.327663,0.664109,7.632969
513.000000,0.326753,0.664225,7.635256
514.000000,0.325847,0.664341,7.637538
515.000000,0.324947,0.664456,7.639814
516.000000,0.324050,0.664572,7.642085
517.000000,0.323159,0.664687,7.644349
518.000000,0.322271,0.664802,7.646608
519.000000,0.321389,0.664916,7.648861
520.000000,0.320510,0.665031,7.651109
521.000000,0.319637,0.665145,7.653351
522.000000,0.318767,0.665259,7.655587
523.000000,0.317902,0.665373,7.657817
524.000000,0.317041,0.665486,7.660042
525.000000,0.316185,0.665600,7.662262
526.000000,0.315333,0.665713,7.664476
527.000000,0.314485,0.665826,7.666685
528.000000,0.313641,0.665938,7.668888
529.000000,0.312801,0.666051,7.671086
530.000000,0.311966,0.666163,7.673278
531.000000,0.311135,0.666275,7.675465
532.000000,0.310307,0.666387,7.677646
533.000000,0.309484,0.666498,7.679823
534.000000,0.308665,0.666610,7.681993
535.000000,0.307850,0.666721,7.684159
536.000000,0.307039,0.666832,7.686320
537.000000,0.306231,0.666942,7.688475
538.000000,0.305428,0.667053,7.690625
539.000000,0.304628,0.667163,7.692769
540.000000,0.303833,0.667273,7.694909
541.000000,0.303041,0.667383,7.697044
542.000000,0.302253,0.667493,7.699173
543.000000,0.301469,0.667602,7.701297
544.000000,0.300689,0.667711,7.703416
545.000000,0.299912,0.667820,7.705531
546.000000,0.299139,0.667929,7.707640
547.000000,0.298370,0.668038,7.709744
548.000000,0.297604,0.668146,7.711843
549.000000,0.296842,0.668254,7.713937
550.000000,0.296083,0.668362,7.716027
551.000000,0.295329,0.668470,7.718111
552.000000,0.294577,0.668578,7.720190
553.000000,0.293829,0.668685,7.722265
554.000000,0.293085,0.668792,7.724335
555.000000,0.292344,0.668899,7.726400
556.000000,0.291607,0.669006,7.728460
557.000000,0.290873,0.669113,7.730515
558.000000,0.290143,0.669219,7.732566
559.000000,0.289416,0.669325,7.734612
560.000000,0.288692,0.669431,7.736653
561.000000,0.287972,0.669537,7.738689
562.000000,0.287254,0.669643,7.740721
563.000000,0.286541,0.669748,7.742748
564.000000,0.285830,0.669854,7.744771
565.000000,0.285123,0.669959,7.746789
566.000000,0.284419,0.670063,7.748802
567.000000,0.283718,0.670168,7.750811
568.000000,0.283021,0.670272,7.752815
569.000000,0.282326,0.670377,7.754814
570.000000,0.281635,0.670481,7.756810
571.000000,0.280947,0.670585,7.758800
572.000000,0.280262,0.670688,7.760786
573.000000,0.279580,0.670792,7.762768
574.000000,0.278901,0.670895,7.764745
575.000000,0.278225,0.670998,7.766718
576.000000,0.277552,0.671101,7.768686
577.000000,0.276883,0.671204,7.770650
578.000000,0.276216,0.671307,7.772610
579.000000,0.275552,0.671409,7.774565
580.000000,0.274891,0.671511,7.776516
581.000000,0.274233,0.671613,7.778463
582.000000,0.273578,0.671715,7.780405
583.000000,0.272926,0.671817,7.782343
584.000000,0.272277,0.671918,7.784277
585.000000,0.271630,0.672020,7.786207
586.000000,0.270987,0.672121,7.788132
587.000000,0.270346,0.672222,7.790053
588.000000,0.269708,0.672322,7.791970
589.000000,0.269073,0.672423,7.793883
590.000000,0.268441,0.672523,7.795791
591.000000,0.267811,0.672624,7.797696
592.000000,0.267184,0.672724,7.799596
593.000000,0.266560,0.672823,7.801493
594.000000,0.265939,0.672923,7.803385
595.000000,0.265320,0.673023,7.805273
596.000000,0.264704,0.673122,7.807157
597.000000,0.264090,0.673221,7.809037
598.000000,0.263479,0.673320,7.810913
599.000000,0.262871,0.673419,7.812785
600.000000,0.262266,0.673518,7.814653
601.000000,0.261663,0.673616,7.816517
602.000000,0.261062,0.673714,7.818377
603.000000,0.260464,0.673813,7.820233
604.000000,0.259869,0.673911,7.822086
605.000000,0.259276,0.674008,7.823934
606.000000,0.258686,0.674106,7.825778
607.000000,0.258098,0.674203,7.827619
608.000000,0.257512,0.674301,7.829456
609.000000,0.256930,0.674398,7.831288
610.000000,0.256349,0.674495,7.833117
611.000000,0.255771,0.674592,7.834943
612.000000,0.255195,0.674688,7.836764
613.000000,0.254622,0.674785,7.838582
614.000000,0.254051,0.674881,7.840395
615.000000,0.253483,0.674977,7.842206
616.000000,0.252917,0.675073,7.844012
617.000000,0.252353,0.675169,7.845815
618.000000,0.251792,0.675265,7.847614
619.000000,0.251233,0.675360,7.849409
620.000000,0.250676,0.675455,7.851200
621.000000,0.250121,0.675551,7.852988
622.000000,0.249569,0.675646,7.854772
623.000000,0.249019,0.675740,7.856553
624.000000,0.248471,0.675835,7.858330
625.000000,0.247926,0.675930,7.860103
626.000000,0.247383,0.676024,7.861873
627.000000,0.246842,0.676118,7.863639
628.000000,0.246303,0.676212,7.865402
629.000000,0.245766,0.676306,7.867161
630.000000,0.245232,0.676400,7.868916
631.000000,0.244699,0.676493,7.870668
632.000000,0.244169,0.676587,7.872417
633.000000,0.243641,0.676680,7.874162
634.000000,0.243115,0.676773,7.875903
635.000000,0.242591,0.676866,7.877641
636.000000,0.242069,0.676959,7.879376
637.000000,0.241550,0.677052,7.881107
638.000000,0.241032,0.677144,7.882834
639.000000,0.240517,0.677237,7.884559
640.000000,0.240003,0.677329,7.886280
641.000000,0.239492,0.677421,7.887997
642.000000,0.238982,0.677513,7.889711
643.000000,0.238475,0.677604,7.891422
644.000000,0.237970,0.677696,7.893129
645.000000,0.237466,0.677787,7.894833
646.000000,0.236965,0.677879,7.896534
647.000000,0.236465,0.677970,7.898231
648.000000,0.235968,0.678061,7.899925
649.000000,0.235472,0.678152,7.901615
650.000000,0.234978,0.678243,7.903303
651.000000,0.234487,0.678333,7.904987
652.000000,0.233997,0.678423,7.906668
653.000000,0.233509,0.678514,7.908346
654.000000,0.233023,0.678604,7.910020
655.000000,0.232539,0.678694,7.911691
656.000000,0.232057,0.678784,7.913359
657.000000,0.231576,0.678873,7.915024
658.000000,0.231098,0.678963,7.916685
659.000000,0.230621,0.679052,7.918344
660.000000,0.230146,0.679142,7.919999
661.000000,0.229673,0.679231,7.921651
662.000000,0.229202,0.679320,7.923300
663.000000,0.228732,0.679409,7.924946
664.000000,0.228265,0.679497,7.926588
665.000000,0.227799,0.679586,7.928228
666.000000,0.227335,0.679674,7.929864
667.000000,0.226872,0.679763,7.931498
668.000000,0.226412,0.679851,7.933128
669.000000,0.225953,0.679939,7.934755
670.000000,0.225496,0.680027,7.936380
671.000000,0.225040,0.680114,7.938001
672.000000,0.224586,0.680202,7.939619
673.000000,0.224134,0.680289,7.941234
674.000000,0.223684,0.680377,7.942846
675.000000,0.223236,0.680464,7.944455
676.000000,0.222789,0.680551,7.946061
677.000000,0.222343,0.680638,7.947664
678.000000,0.221900,0.680724,7.949264
679.000000,0.221458,0.680811,7.950862
680.000000,0.221017,0.680898,7.952456
681.000000,0.220579,0.680984,7.954047
682.000000,0.220141,0.681070,7.955635
683.000000,0.219706,0.681156,7.957221
684.000000,0.219272,0.681242,7.958803
685.000000,0.218840,0.681328,7.960383
686.000000,0.218409,0.681414,7.961960
687.000000,0.217980,0.681499,7.963534
688.000000,0.217552,0.681585,7.965105
689.000000,0.217126,0.681670,7.966673
690.000000,0.216702,0.681755,7.968238
691.000000,0.216279,0.681840,7.969801
692.000000,0.215858,0.681925,7.971360
693.000000,0.215438,0.682010,7.972917
694.000000,0.215019,0.682095,7.974471
695.000000,0.214603,0.682179,7.976022
696.000000,0.214187,0.682264,7.977571
697.000000,0.213774,0.682348,7.979117
698.000000,0.213361,0.682432,7.980659
699.000000,0.212950,0.682516,7.982200
700.000000,0.212541,0.682600,7.983737
701.000000,0.212133,0.682684,7.985272
702.000000,0.211727,0.682767,7.986804
703.000000,0.211322,0.682851,7.988333
704.000000,0.210918,0.682934,7.989859
705.000000,0.210516,0.683018,7.991383
706.000000,0.210115,0.683101,7.992904
707.000000,0.209716,0.683184,7.994423
708.000000,0.209318,0.683267,7.995938
709.000000,0.208922,0.683349,7.997451
710.000000,0.208527,0.683432,7.998962
711.000000,0.208133,0.683515,8.000469
712.000000,0.207741,0.683597,8.001975
713.000000,0.207350,0.683679,8.003477
714.000000,0.206961,0.683761,8.004977
715.000000,0.206572,0.683843,8.006474
716.000000,0.206186,0.683925,8.007969
717.000000,0.205800,0.684007,8.009461
718.000000,0.205416,0.684089,8.010950
719.000000,0.205033,0.684170,8.012437
720.000000,0.204652,0.684252,8.013921
721.000000,0.204272,0.684333,8.015403
722.000000,0.203893,0.684414,8.016882
723.000000,0.203516,0.684495,8.018359
724.000000,0.203139,0.684576,8.019833
725.000000,0.202765,0.684657,8.021305
726.000000,0.202391,0.684738,8.022774
727.000000,0.202019,0.684818,8.024240
728.000000,0.201648,0.684899,8.025704
729.000000,0.201278,0.684979,8.027166
730.000000,0.200909,0.685060,8.028625
731.000000,0.200542,0.685140,8.030081
732.000000,0.200176,0.685220,8.031536
733.000000,0.199811,0.685300,8.032987
734.000000,0.199448,0.685379,8.034436
735.000000,0.199086,0.685459,8.035883
736.000000,0.198725,0.685539,8.037327
737.000000,0.198365,0.685618,8.038769
738.000000,0.198006,0.685697,8.040209
739.000000,0.197649,0.685777,8.041646
740.000000,0.197293,0.685856,8.043080
741.000000,0.196938,0.685935,8.044512
742.000000,0.196584,0.686014,8.045942
743.000000,0.196231,0.686092,8.047370
744.000000,0.195880,0.686171,8.048795
745.000000,0.195530,0.686250,8.050217
746.000000,0.195181,0.686328,8.051638
747.000000,0.194833,0.686406,8.053056
748.000000,0.194486,0.686484,8.054471
749.000000,0.194140,0.686563,8.055885
750.000000,0.193796,0.686641,8.057295
751.000000,0.193452,0.686718,8.058704
752.000000,0.193110,0.686796,8.060110
753.000000,0.192769,0.686874,8.061514
754.000000,0.192429,0.686951,8.062916
755.000000,0.192090,0.687029,8.064315
756.000000,0.191753,0.687106,8.065712
757.000000,0.191416,0.687183,8.067107
758.000000,0.191081,0.687261,8.068500
759.000000,0.190746,0.687338,8.069890
760.000000,0.190413,0.687414,8.071278
761.000000,0.190081,0.687491,8.072664
762.000000,0.189750,0.687568,8.074047
763.000000,0.189420,0.687644,8.075429
764.000000,0.189091,0.687721,8.076808
765.000000,0.188763,0.687797,8.078184
766.000000,0.188436,0.687874,8.079559
767.000000,0.188110,0.687950,8.080931
768.000000,0.187785,0.688026,8.082301
769.000000,0.187462,0.688102,8.083669
770.000000,0.187139,0.688178,8.085035
771.000000,0.186817,0.688253,8.086399
772.000000,0.186497,0.688329,8.087760
773.000000,0.186177,0.688404,8.089119
774.000000,0.185859,0.688480,8.090476
775.000000,0.185541,0.688555,8.091831
776.000000,0.185225,0.688630,8.093184
777.000000,0.184909,0.688706,8.094535
778.000000,0.184595,0.688781,8.095883
779.000000,0.184281,0.688855,8.097229
780.000000,0.183969,0.688930,8.098574
781.000000,0.183657,0.689005,8.099916
782.000000,0.183347,0.689080,8.101256
783.000000,0.183037,0.689154,8.102594
784.000000,0.182729,0.689228,8.103929
785.000000,0.182421,0.689303,8.105263
786.000000,0.182115,0.689377,8.106595
787.000000,0.181809,0.689451,8.107924
788.000000,0.181504,0.689525,8.109251
789.000000,0.181200,0.689599,8.110577
790.000000,0.180898,0.689673,8.111900
791.000000,0.180596,0.689746,8.113221
792.000000,0.180295,0.689820,8.114540
793.000000,0.179995,0.689894,8.115858
794.000000,0.179696,0.689967,8.117173
795.000000,0.179398,0.690040,8.118486
796.000000,0.179101,0.690113,8.119797
797.000000,0.178804,0.690187,8.121106
798.000000,0.178509,0.690260,8.122413
799.000000,0.178215,0.690333,8.123718
800.000000,0.177921,0.690405,8.125021
801.000000,0.177629,0.690478,8.126322
802.000000,0.177337,0.690551,8.127621
803.000000,0.177046,0.690623,8.128918
804.000000,0.176756,0.690696,8.130213
805.000000,0.176467,0.690768,8.131506
806.000000,0.176179,0.690840,8.132797
807.000000,0.175892,0.690912,8.134086
808.000000,0.175605,0.690984,8.135373
809.000000,0.175320,0.691056,8.136658
810.000000,0.175035,0.691128,8.137942
811.000000,0.174751,0.691200,8.139223
812.000000,0.174468,0.691272,8.140502
813.000000,0.174186,0.691343,8.141780
814.000000,0.173905,0.691415,8.143055
815.000000,0.173625,0.691486,8.144329
816.000000,0.173345,0.691558,8.145601
817.000000,0.173067,0.691629,8.146870
818.000000,0.172789,0.691700,8.148138
819.000000,0.172512,0.691771,8.149404
820.000000,0.172236,0.691842,8.150668
821.000000,0.171960,0.691913,8.151931
822.000000,0.171686,0.691983,8.153191
823.000000,0.171412,0.692054,8.154449
824.000000,0.171139,0.692125,8.155706
825.000000,0.170867,0.692195,8.156961
826.000000,0.170596,0.692266,8.158214
827.000000,0.170325,0.692336,8.159465
828.000000,0.170056,0.692406,8.160714
829.000000,0.169787,0.692476,8.161961
830.000000,0.169519,0.692546,8.163207
831.000000,0.169251,0.692616,8.164450
832.000000,0.168985,0.692686,8.165692
833.000000,0.168719,0.692756,8.166932
834.000000,0.168454,0.692825,8.168170
835.000000,0.168190,0.692895,8.169407
836.000000,0.167927,0.692964,8.170641
837.000000,0.167664,0.693034,8.171874
838.000000,0.167403,0.693103,8.173105
839.000000,0.167141,0.693172,8.174334
840.000000,0.166881,0.693242,8.175562
841.000000,0.166622,0.693311,8.176787
842.000000,0.166363,0.693380,8.178011
843.000000,0.166105,0.693448,8.179233
844.000000,0.165848,0.693517,8.180454
845.000000,0.165591,0.693586,8.181672
846.000000,0.165335,0.693655,8.182889
847.000000,0.165080,0.693723,8.184104
848.000000,0.164826,0.693792,8.185317
849.000000,0.164572,0.693860,8.186529
850.000000,0.164320,0.693928,8.187739
851.000000,0.164067,0.693996,8.188947
852.000000,0.163816,0.694065,8.190153
853.000000,0.163565,0.694133,8.191358
854.000000,0.163315,0.694200,8.192560
855.000000,0.163066,0.694268,8.193762
856.000000,0.162818,0.694336,8.194961
857.000000,0.162570,0.694404,8.196159
858.000000,0.162323,0.694471,8.197355
859.000000,0.162076,0.694539,8.198549
860.000000,0.161831,0.694606,8.199742
861.000000,0.161586,0.694674,8.200933
862.000000,0.161341,0.694741,8.202122
863.000000,0.161098,0.694808,8.203310
864.000000,0.160855,0.694875,8.204496
865.000000,0.160613,0.694942,8.205680
866.000000,0.160371,0.695009,8.206863
867.000000,0.160130,0.695076,8.208044
868.000000,0.159890,0.695143,8.209223
869.000000,0.159651,0.695209,8.210401
870.000000,0.159412,0.695276,8.211577
871.000000,0.159174,0.695343,8.212751
872.000000,0.158936,0.695409,8.213924
873.000000,0.158699,0.695475,8.215095
874.000000,0.158463,0.695542,8.216265
875.000000,0.158228,0.695608,8.217433
876.000000,0.157993,0.695674,8.218599
877.000000,0.157758,0.695740,8.219763
878.000000,0.157525,0.695806,8.220927
879.000000,0.157292,0.695872,8.222088
880.000000,0.157060,0.695938,8.223248
881.000000,0.156828,0.696003,8.224406
882.000000,0.156597,0.696069,8.225563
883.000000,0.156367,0.696135,8.226718
884.000000,0.156137,0.696200,8.227871
885.000000,0.155908,0.696265,8.229023
886.000000,0.155680,0.696331,8.230173
887.000000,0.155452,0.696396,8.231322
888.000000,0.155225,0.696461,8.232469
889.000000,0.154998,0.696526,8.233615
890.000000,0.154772,0.696591,8.234759
891.000000,0.154547,0.696656,8.235901
892.000000,0.154322,0.696721,8.237042
893.000000,0.154098,0.696786,8.238181
894.000000,0.153874,0.696851,8.239319
895.000000,0.153652,0.696915,8.240455
896.000000,0.153429,0.696980,8.241590
897.000000,0.153208,0.697044,8.242723
898.000000,0.152987,0.697109,8.243855
899.000000,0.152766,0.697173,8.244985
900.000000,0.152546,0.697237,8.246114
901.000000,0.152327,0.697301,8.247241
902.000000,0.152108,0.697365,8.248367
903.000000,0.151890,0.697429,8.249491
904.000000,0.151673,0.697493,8.250613
905.000000,0.151456,0.697557,8.251734
906.000000,0.151239,0.697621,8.252854
907.000000,0.151024,0.697685,8.253972
908.000000,0.150808,0.697748,8.255089
909.000000,0.150594,0.697812,8.256204
910.000000,0.150380,0.697875,8.257317
911.000000,0.150166,0.697939,8.258430
912.000000,0.149953,0.698002,8.259540
913.000000,0.149741,0.698066,8.260649
914.000000,0.149529,0.698129,8.261757
915.000000,0.149318,0.698192,8.262863
916.000000,0.149107,0.698255,8.263968
917.000000,0.148897,0.698318,8.265072
918.000000,0.148688,0.698381,8.266174
919.000000,0.148479,0.698444,8.267274
920.000000,0.148270,0.698506,8.268373
921.000000,0.148062,0.698569,8.269471
922.000000,0.147855,0.698632,8.270567
923.000000,0.147648,0.698694,8.271661
924.000000,0.147442,0.698757,8.272755
925.000000,0.147236,0.698819,8.273847
926.000000,0.147031,0.698881,8.274937
927.000000,0.146827,0.698944,8.276026
928.000000,0.146622,0.699006,8.277114
929.000000,0.146419,0.699068,8.278200
930.000000,0.146216,0.699130,8.279285
931.000000,0.146013,0.699192,8.280368
932.000000,0.145811,0.699254,8.281450
933.000000,0.145610,0.699316,8.282530
934.000000,0.145409,0.699377,8.283610
935.000000,0.145209,0.699439,8.284687
936.000000,0.145009,0.699501,8.285764
937.000000,0.144809,0.699562,8.286839
938.000000,0.144610,0.699624,8.287912
939.000000,0.144412,0.699685,8.288985
940.000000,0.144214,0.699746,8.290055
941.000000,0.144017,0.699808,8.291125
942.000000,0.143820,0.699869,8.292193
943.000000,0.143624,0.699930,8.293260
944.000000,0.143428,0.699991,8.294325
945.000000,0.143233,0.700052,8.295389
946.000000,0.143038,0.700113,8.296452
947.000000,0.142844,0.700174,8.297513
948.000000,0.142650,0.700235,8.298573
949.000000,0.142456,0.700295,8.299632
950.000000,0.142264,0.700356,8.300689
951.000000,0.142071,0.700416,8.301745
952.000000,0.141879,0.700477,8.302800
953.000000,0.141688,0.700537,8.303853
954.000000,0.141497,0.700598,8.304905
955.000000,0.141307,0.700658,8.305956
956.000000,0.141117,0.700718,8.307005
957.000000,0.140927,0.700779,8.308053
958.000000,0.140738,0.700839,8.309100
959.000000,0.140550,0.700899,8.310145
960.000000,0.140362,0.700959,8.311189
961.000000,0.140174,0.701019,8.312232
962.000000,0.139987,0.701078,8.313273
963.000000,0.139801,0.701138,8.314314
964.000000,0.139615,0.701198,8.315352
965.000000,0.139429,0.701257,8.316390
966.000000,0.139244,0.701317,8.317426
967.000000,0.139059,0.701377,8.318461
968.000000,0.138875,0.701436,8.319495
969.000000,0.138691,0.701495,8.320527
970.000000,0.138508,0.701555,8.321559
971.000000,0.138325,0.701614,8.322588
972.000000,0.138142,0.701673,8.323617
973.000000,0.137960,0.701732,8.324644
974.000000,0.137779,0.701791,8.325670
975.000000,0.137598,0.701850,8.326695
976.000000,0.137417,0.701909,8.327719
977.000000,0.137237,0.701968,8.328741
978.000000,0.137057,0.702027,8.329762
979.000000,0.136878,0.702086,8.330782
980.000000,0.136699,0.702144,8.331800
981.000000,0.136520,0.702203,8.332818
982.000000,0.136342,0.702261,8.333834
983.000000,0.136165,0.702320,8.334848
984.000000,0.135988,0.702378,8.335862
985.000000,0.135811,0.702437,8.336874
986.000000,0.135635,0.702495,8.337885
987.000000,0.135459,0.702553,8.338895
988.000000,0.135284,0.702611,8.339904
989.000000,0.135109,0.702669,8.340911
990.000000,0.134934,0.702727,8.341918
991.000000,0.134760,0.702785,8.342923
992.000000,0.134586,0.702843,8.343926
993.000000,0.134413,0.702901,8.344929
994.000000,0.134240,0.702959,8.345930
995.000000,0.134068,0.703017,8.346930
996.000000,0.133896,0.703074,8.347929
997.000000,0.133724,0.703132,8.348927
998.000000,0.133553,0.703189,8.349924
999.000000,0.133382,0.703247,8.350919
1000.000000,0.133212,0.703304,8.351913
